学校,省份,类型,2024,2025,2026,平均名次,梯队
浙江工业大学,浙江,理工,64,62,68,65,1
深圳大学,广东,综合,72,68,66,69,1
江苏大学,江苏,综合,80,82,81,81,1
福建师范大学,福建,师范,87,87,90,88,1
扬州大学,江苏,综合,82,91,93,89,1
浙江师范大学,浙江,师范,88,92,91,90,1
南京工业大学,江苏,理工,89,94,88,90,1
广东工业大学,广东,理工,100,96,96,97,1
杭州电子科技大学,浙江,理工,97,97,99,98,1
广州大学,广东,综合,98,105,105,103,2
山东师范大学,山东,师范,105,104,104,104,2
上海理工大学,上海,理工,107,108,106,107,2
浙江理工大学,浙江,理工,105,106,112,108,2
青岛大学,山东,综合,110,111,108,110,2
燕山大学,河北,理工,112,112,109,111,2
昆明理工大学,云南,理工,115,117,110,114,2
西安建筑科技大学,陕西,理工,114,115,118,116,2
西安理工大学,陕西,理工,118,119,111,116,2
杭州师范大学,浙江,师范,120,114,116,117,2
江西师范大学,江西,师范,117,121,126,121,2
上海师范大学,上海,师范,119,124,123,122,2
武汉科技大学,湖北,理工,122,120,123,122,2
湖北大学,湖北,综合,133,116,121,123,2
福建农林大学,福建,农业,125,125,122,124,2
河北大学,河北,综合,126,129,130,128,2
长沙理工大学,湖南,理工,126,127,135,129,2
温州大学,浙江,综合,132,126,129,129,2
陕西科技大学,陕西,理工,124,135,132,130,2
山东科技大学,山东,理工,123,130,140,131,2
山东农业大学,山东,农业,144,133,128,135,2
长春理工大学,吉林,理工,135,138,138,137,2
安徽师范大学,安徽,师范,139,139,145,141,2
江苏科技大学,江苏,理工,139,144,141,141,2
中国计量大学,浙江,理工,136,146,151,144,2
齐鲁工业大学,山东,理工,142,145,151,146,2
华侨大学,福建,综合,163,135,139,146,2
天津师范大学,天津,师范,141,142,160,148,2
河南农业大学,河南,农业,148,152,145,148,2
安徽农业大学,安徽,农业,153,148,143,148,2
浙江农林大学,浙江,林业,147,150,149,149,2
重庆邮电大学,重庆,理工,152,153,147,151,2
湖北工业大学,湖北,理工,146,148,162,152,2
南通大学,江苏,综合,159,151,147,152,2
广西师范大学,广西,师范,155,155,149,153,2
黑龙江大学,黑龙江,综合,156,147,155,153,2
常州大学,江苏,理工,149,154,165,156,2
沈阳农业大学,辽宁,农业,150,171,153,158,2
江苏师范大学,江苏,师范,143,164,172,160,2
河南师范大学,河南,师范,151,161,168,160,2
天津科技大学,天津,理工,161,162,158,160,2
武汉工程大学,湖北,理工,158,160,169,162,2
武汉纺织大学,湖北,理工,167,159,159,162,2
集美大学,福建,综合,170,167,156,164,2
湖南农业大学,湖南,农业,172,156,166,165,2
吉林农业大学,吉林,农业,176,158,161,165,2
中北大学,山西,理工,179,173,144,165,2
青岛科技大学,山东,理工,162,168,167,166,2
辽宁师范大学,辽宁,师范,174,163,162,166,2
曲阜师范大学,山东,师范,177,157,164,166,2
北京建筑大学,北京,理工,157,165,178,167,2
汕头大学,广东,综合,166,166,173,168,2
西北师范大学,甘肃,师范,171,179,154,168,2
河南科技大学,河南,综合,164,172,176,171,2
河北师范大学,河北,师范,160,178,177,172,2
三峡大学,湖北,综合,177,168,174,173,2
上海海事大学,上海,综合,175,176,171,174,2
济南大学,山东,综合,179,174,175,176,2
天津理工大学,天津,理工,183,180,170,178,2
南昌航空大学,江西,理工,182,177,181,180,2
西安科技大学,陕西,理工,169,192,186,182,2
华东交通大学,江西,理工,179,175,194,183,2
湖南科技大学,湖南,综合,184,181,189,185,2
长江大学,湖北,综合,186,185,184,185,2
江西理工大学,江西,理工,168,190,202,187,2
安徽理工大学,安徽,理工,192,193,180,188,2
安徽工业大学,安徽,理工,185,190,193,189,2
重庆交通大学,重庆,理工,188,189,191,189,2
上海电力大学,上海,理工,194,186,188,189,2
沈阳工业大学,辽宁,理工,189,187,198,191,2
沈阳航空航天大学,辽宁,理工,211,183,179,191,2
国际关系学院,北京,综合,211,182,185,193,2
山东理工大学,山东,理工,191,194,197,194,2
河北农业大学,河北,农业,195,197,189,194,2
河南理工大学,河南,理工,203,184,194,194,2
南华大学,湖南,综合,201,187,198,195,2
兰州理工大学,甘肃,理工,186,199,204,196,2
西安邮电大学,陕西,理工,196,200,196,197,2
北京信息科技大学,北京,理工,206,204,182,197,2
云南师范大学,云南,师范,200,203,198,200,2
江西农业大学,江西,农业,202,196,207,202,3
兰州交通大学,甘肃,理工,206,209,192,202,3
青岛理工大学,山东,理工,209,210,187,202,3
四川师范大学,四川,师范,199,201,209,203,3
桂林电子科技大学,广西,理工,230,201,183,205,3
烟台大学,山东,综合,190,205,224,206,3
苏州科技大学,江苏,理工,204,206,217,209,3
内蒙古农业大学,内蒙古,农业,205,220,212,212,3
西安工业大学,陕西,理工,217,212,206,212,3
西南科技大学,四川,理工,223,208,205,212,3
河南工业大学,河南,理工,208,224,210,214,3
大连工业大学,辽宁,理工,210,222,211,214,3
北京电子科技学院,北京,理工,198,216,233,216,3
重庆师范大学,重庆,师范,214,218,215,216,3
东北石油大学,黑龙江,理工,219,217,213,216,3
北方工业大学,北京,理工,196,215,239,217,3
沈阳建筑大学,辽宁,理工,213,219,222,218,3
中南林业科技大学,湖南,林业,229,207,219,218,3
嘉兴大学,浙江,综合,219,225,216,220,3
湖州师范学院,浙江,师范,218,211,234,221,3
山西农业大学,山西,农业,216,227,225,223,3
青岛农业大学,山东,农业,215,228,228,224,3
海南师范大学,海南,师范,224,226,227,226,3
石家庄铁道大学,河北,理工,225,223,231,226,3
哈尔滨理工大学,黑龙江,理工,231,233,214,226,3
内蒙古师范大学,内蒙古,师范,238,221,220,226,3
哈尔滨师范大学,黑龙江,师范,243,213,223,226,3
东华理工大学,江西,理工,242,214,229,228,3
浙江海洋大学,浙江,农业,222,229,236,229,3
东北电力大学,吉林,理工,253,229,208,230,3
佛山大学,广东,理工,219,239,237,232,3
上海工程技术大学,上海,理工,227,234,237,233,3
浙江科技大学,浙江,理工,236,231,232,233,3
成都大学,四川,综合,232,232,241,235,3
甘肃农业大学,甘肃,农业,233,241,235,236,3
贵州师范大学,贵州,师范,254,237,220,237,3
西安石油大学,陕西,理工,249,235,230,238,3
河北科技大学,河北,理工,228,238,254,240,3
青海师范大学,青海,师范,226,240,256,241,3
东莞理工学院,广东,理工,234,242,247,241,3
鲁东大学,山东,综合,235,247,240,241,3
重庆理工大学,重庆,理工,237,244,243,241,3
上海应用技术大学,上海,理工,249,236,242,242,3
浙大城市学院,浙江,理工,261,251,218,243,3
沈阳化工大学,辽宁,理工,239,253,244,245,3
山东建筑大学,山东,理工,241,249,251,247,3
华北水利水电大学,河南,理工,248,245,249,247,3
赣南师范大学,江西,师范,245,248,252,248,3
武汉轻工大学,湖北,理工,243,246,257,249,3
中国民航大学,天津,理工,282,243,226,250,3
聊城大学,山东,综合,239,252,268,253,3
长春工业大学,吉林,理工,246,271,245,254,3
郑州轻工业大学,河南,理工,252,256,258,255,3
大连交通大学,辽宁,理工,263,260,249,257,3
西安工程大学,陕西,理工,266,256,253,258,3
成都信息工程大学,四川,理工,264,255,260,260,3
桂林理工大学,广西,理工,267,254,258,260,3
辽宁石油化工大学,辽宁,理工,256,263,263,261,3
江汉大学,湖北,综合,267,250,265,261,3
西华师范大学,四川,师范,257,258,271,262,3
沈阳理工大学,辽宁,理工,269,264,254,262,3
厦门理工学院,福建,理工,273,269,246,263,3
南京工程学院,江苏,理工,259,261,273,264,3
安徽工程大学,安徽,理工,260,258,274,264,3
山西师范大学,山西,师范,251,278,267,265,3
延安大学,陕西,综合,281,266,248,265,3
绍兴文理学院,浙江,师范,272,265,264,267,3
上海海关学院,上海,综合,265,262,276,268,3
内蒙古工业大学,内蒙古,理工,277,267,261,268,3
沈阳师范大学,辽宁,师范,262,272,277,270,3
大连大学,辽宁,综合,255,273,287,272,3
渤海大学,辽宁,综合,247,287,285,273,3
北京农学院,北京,农业,258,280,281,273,3
沈阳大学,辽宁,综合,286,267,266,273,3
华北理工大学,河北,综合,279,273,269,274,3
辽宁工程技术大学,辽宁,理工,274,279,271,275,3
安徽建筑大学,安徽,理工,270,275,283,276,3
湖南工业大学,湖南,理工,271,276,293,280,3
西华大学,四川,综合,307,270,262,280,3
浙大宁波理工学院,浙江,理工,274,281,287,281,3
常熟理工学院,江苏,理工,280,283,,282,3
北京印刷学院,北京,理工,276,302,281,286,3
太原科技大学,山西,理工,297,291,270,286,3
苏州工学院,江苏,理工,,,287,287,3
重庆科技大学,重庆,理工,299,286,279,288,3
深圳技术大学,广东,综合,,294,283,288,3
辽宁工业大学,辽宁,理工,292,300,279,290,3
台州学院,浙江,综合,304,289,278,290,3
云南农业大学,云南,农业,295,288,290,291,3
北京石油化工学院,北京,理工,278,297,300,292,3
黑龙江八一农垦大学,黑龙江,农业,283,292,301,292,3
福建理工大学,福建,理工,320,282,275,292,3
宁波工程学院,浙江,理工,293,293,292,293,3
河北工程大学,河北,理工,294,295,291,293,3
辽宁科技大学,辽宁,理工,285,296,304,295,3
大理大学,云南,综合,309,290,285,295,3
中原工学院,河南,理工,283,284,320,296,3
合肥大学,安徽,理工,287,285,316,296,3
新疆农业大学,新疆,农业,289,299,305,298,3
北京联合大学,北京,综合,290,297,306,298,3
闽江学院,福建,理工,291,305,297,298,3
广东海洋大学,广东,农业,300,306,298,301,4
北华大学,吉林,综合,288,309,308,302,4
大连海洋大学,辽宁,农业,301,313,296,303,4
吉首大学,湖南,综合,298,300,323,307,4
淮阴工学院,江苏,理工,302,304,317,308,4
闽南师范大学,福建,师范,317,303,309,310,4
南宁师范大学,广西,师范,323,314,295,311,4
河北地质大学,河北,综合,321,308,,314,4
吉林建筑大学,吉林,理工,333,316,294,314,4
盐城工学院,江苏,理工,295,315,334,315,4
吉林师范大学,吉林,师范,312,310,322,315,4
西南林业大学,云南,林业,314,328,303,315,4
内蒙古科技大学,内蒙古,综合,303,330,314,316,4
信阳师范大学,河南,师范,305,307,337,316,4
新疆师范大学,新疆,师范,310,335,302,316,4
景德镇陶瓷大学,江西,理工,310,321,321,317,4
广东技术师范大学,广东,师范,328,319,314,320,4
临沂大学,山东,综合,350,311,299,320,4
湖南理工学院,湖南,理工,308,344,310,321,4
淮北师范大学,安徽,师范,321,312,330,321,4
塔里木大学,新疆,综合,305,318,343,322,4
天津城建大学,天津,理工,327,324,318,323,4
湖北师范大学,湖北,师范,331,325,312,323,4
井冈山大学,江西,综合,341,277,351,323,4
五邑大学,广东,综合,336,329,311,325,4
江苏海洋大学,江苏,理工,331,322,325,326,4
长春师范大学,吉林,师范,313,332,337,327,4
长沙学院,湖南,理工,334,320,328,327,4
重庆文理学院,重庆,综合,342,333,307,327,4
贵州师范学院,贵州,师范,324,326,335,328,4
淮阴师范学院,江苏,师范,319,336,331,329,4
江西科技师范大学,江西,师范,340,327,324,330,4
长江师范学院,重庆,师范,315,333,345,331,4
上海第二工业大学,上海,理工,326,341,327,331,4
浙江万里学院,浙江,理工,342,338,312,331,4
无锡学院,江苏,综合,356,317,319,331,4
上海电机学院,上海,理工,328,340,332,333,4
江苏理工学院,江苏,理工,317,339,347,334,4
常州工学院,江苏,理工,325,343,336,335,4
盐城师范学院,江苏,师范,315,345,350,337,4
安庆师范大学,安徽,师范,334,336,340,337,4
南京晓庄学院,江苏,师范,352,331,333,339,4
河南科技学院,河南,师范,339,322,359,340,4
四川轻化工大学,四川,理工,354,342,326,341,4
江西水利电力大学,江西,理工,336,350,348,345,4
山东交通学院,山东,理工,336,352,356,348,4
徐州工程学院,江苏,理工,328,355,363,349,4
陕西理工大学,陕西,理工,344,361,342,349,4
仲恺农业工程学院,广东,农业,347,346,353,349,4
广西科技大学,广西,理工,369,348,329,349,4
天津职业技术师范大学,天津,师范,347,360,343,350,4
湖南第一师范学院,湖南,师范,344,362,346,351,4
天津农学院,天津,农业,350,356,353,353,4
黄冈师范学院,湖北,师范,353,348,357,353,4
金陵科技学院,江苏,理工,359,352,351,354,4
榆林学院,陕西,师范,371,351,339,354,4
湖北汽车工业学院,湖北,理工,373,347,341,354,4
洛阳师范学院,河南,师范,346,359,361,355,4
长春工程学院,吉林,理工,356,373,349,359,4
安徽科技学院,安徽,师范,358,365,361,361,4
湖北第二师范学院,湖北,师范,365,354,364,361,4
泉州师范学院,福建,师范,381,357,357,365,4
惠州学院,广东,综合,361,369,367,366,4
铜仁学院,贵州,综合,364,379,355,366,4
长春大学,吉林,综合,355,379,368,367,4
西藏农牧学院,西藏,农业,362,376,,369,4
湖北文理学院,湖北,综合,376,358,372,369,4
衢州学院,浙江,理工,363,367,379,370,4
齐齐哈尔大学,黑龙江,综合,365,371,381,372,4
丽水学院,浙江,师范,379,373,365,372,4
绵阳师范学院,四川,师范,368,365,386,373,4
三明学院,福建,综合,376,370,381,376,4
衡阳师范学院,湖南,师范,349,375,406,377,4
重庆三峡学院,重庆,综合,378,372,380,377,4
广东石油化工学院,广东,综合,392,364,376,377,4
岭南师范学院,广东,师范,360,384,391,378,4
湖北科技学院,湖北,综合,385,381,372,379,4
攀枝花学院,四川,综合,370,377,394,380,4
合肥师范学院,安徽,师范,367,363,414,381,4
贵阳学院,贵州,综合,406,368,369,381,4
防灾科技学院,河北,理工,383,391,375,383,4
泰山学院,山东,综合,375,385,402,387,4
黑龙江科技大学,黑龙江,理工,382,389,394,388,4
佳木斯大学,黑龙江,综合,393,385,387,388,4
山东航空学院,山东,理工,373,399,394,389,4
阜阳师范大学,安徽,师范,398,385,384,389,4
中国民用航空飞行学院,四川,理工,421,383,365,390,4
内江师范学院,四川,师范,372,393,408,391,4
龙岩学院,福建,综合,386,390,398,391,4
湘南学院,湖南,理工,389,378,405,391,4
北华航天工业学院,河北,理工,393,404,385,394,4
潍坊学院,山东,综合,380,410,403,398,4
西藏农牧大学,西藏,农业,,,398,398,4
河北科技师范学院,河北,师范,396,397,404,399,4
莆田学院,福建,综合,405,402,391,399,4
周口师范学院,河南,师范,413,396,389,399,4
德州学院,山东,综合,399,412,393,401,5
曲靖师范学院,云南,师范,402,407,400,403,5
成都师范学院,四川,师范,428,392,388,403,5
江苏第二师范学院,江苏,师范,402,397,414,404,5
洛阳理工学院,河南,综合,456,381,377,405,5
南阳师范学院,河南,师范,386,414,419,406,5
湖北理工学院,湖北,理工,408,395,414,406,5
太原师范学院,山西,师范,413,421,383,406,5
浙江水利水电学院,浙江,理工,415,408,394,406,5
湖南工程学院,湖南,理工,409,406,406,407,5
怀化学院,湖南,综合,393,400,436,410,5
滁州学院,安徽,综合,402,394,435,410,5
西安文理学院,陕西,师范,384,426,422,411,5
温州理工学院,浙江,理工,443,445,360,416,5
遵义师范学院,贵州,师范,443,428,378,416,5
湖南文理学院,湖南,综合,389,408,455,417,5
北部湾大学,广西,综合,415,415,422,417,5
皖西学院,安徽,师范,426,412,417,418,5
昆明学院,云南,综合,434,431,389,418,5
宜宾学院,四川,综合,435,411,409,418,5
玉林师范学院,广西,师范,399,423,436,419,5
枣庄学院,山东,综合,406,418,432,419,5
广东第二师范学院,广东,师范,412,423,424,420,5
贵州理工学院,贵州,理工,432,416,411,420,5
通化师范学院,吉林,师范,389,426,459,425,5
湖南城市学院,湖南,综合,409,403,463,425,5
宝鸡文理学院,陕西,师范,386,442,450,426,5
南阳理工学院,河南,理工,401,434,450,428,5
肇庆学院,广东,综合,417,428,440,428,5
湖南科技学院,湖南,综合,411,416,462,430,5
安阳师范学院,河南,师范,424,447,418,430,5
河南工程学院,河南,理工,428,428,444,433,5
黑龙江工程学院,黑龙江,理工,423,431,455,436,5
黄淮学院,河南,师范,439,436,434,436,5
重庆第二师范学院,重庆,师范,436,442,433,437,5
乐山师范学院,四川,师范,443,442,426,437,5
宿迁学院,江苏,综合,419,420,475,438,5
宜春学院,江西,综合,447,437,431,438,5
邵阳学院,湖南,理工,454,422,438,438,5
黔南民族师范学院,贵州,师范,558,385,372,438,5
唐山师范学院,河北,师范,424,454,438,439,5
吉林化工大学,吉林,理工,468,438,412,439,5
湖州学院,浙江,师范,494,452,370,439,5
渭南师范学院,陕西,师范,396,463,460,440,5
牡丹江师范学院,黑龙江,师范,432,419,468,440,5
许昌学院,河南,理工,472,439,409,440,5
河南城建学院,河南,理工,420,450,454,441,5
商丘师范学院,河南,师范,437,456,429,441,5
上饶师范学院,江西,师范,430,440,457,442,5
韩山师范学院,广东,师范,418,440,472,443,5
湖北工程学院,湖北,综合,441,468,419,443,5
宁德师范学院,福建,师范,453,433,450,445,5
武夷学院,福建,综合,477,434,426,446,5
天水师范大学,甘肃,师范,,,446,446,5
西昌学院,四川,综合,443,448,450,447,5
齐鲁师范学院,山东,师范,427,451,465,448,5
平顶山学院,河南,师范,441,460,442,448,5
天水师范学院,甘肃,师范,449,453,,451,5
宁夏师范大学,宁夏,师范,476,465,413,451,5
兰州石化职业技术大学,甘肃,理工,452,,,452,5
沈阳工程学院,辽宁,理工,588,401,371,453,5
成都工业学院,四川,理工,458,457,446,454,5
哈尔滨学院,黑龙江,综合,430,468,469,456,5
南昌师范学院,江西,师范,471,463,440,458,5
六盘水师范学院,贵州,师范,496,457,428,460,5
湖南人文科技学院,湖南,师范,438,454,490,461,5
内蒙古科技大学包头师范学院,内蒙古,综合,464,460,458,461,5
咸阳师范学院,陕西,师范,422,478,486,462,5
韶关学院,广东,综合,565,405,425,465,5
海南热带海洋学院,海南,综合,455,483,463,467,5
湖南工学院,湖南,理工,465,466,471,467,5
鞍山师范学院,辽宁,师范,462,467,478,469,5
淮南师范学院,安徽,师范,465,445,496,469,5
河西学院,甘肃,综合,470,489,448,469,5
石家庄学院,河北,师范,552,425,429,469,5
玉溪师范学院,云南,师范,456,486,467,470,5
九江学院,江西,综合,461,483,473,472,5
广州航海学院,广东,理工,529,449,442,473,5
信阳农林学院,河南,农业,447,473,500+,474,5
四川旅游学院,四川,综合,460,478,483,474,5
巢湖学院,安徽,师范,485,459,479,474,5
华北科技学院,河北,理工,520,500,401,474,5
贺州学院,广西,综合,468,460,497,475,5
长治学院,山西,师范,440,500+,494,478,5
安阳工学院,河南,理工,459,487,492,479,5
南京特殊教育师范学院,江苏,师范,510,480,448,479,5
山东女子学院,山东,综合,463,491,485,480,5
黄山学院,安徽,师范,483,475,481,480,5
营口理工学院,辽宁,理工,449,498,500+,483,5
陇东学院,甘肃,师范,477,496,476,483,5
商洛学院,陕西,综合,451,500+,500+,484,5
宿州学院,安徽,师范,481,480,490,484,5
山东管理学院,山东,综合,482,485,486,484,5
苏州城市学院,江苏,综合,540,496,419,485,5
福建技术师范学院,福建,师范,504,477,477,486,5
赤峰学院,内蒙古,综合,465,494,500+,487,5
吉林农业科技学院,吉林,农业,473,500+,488,487,5
河北建筑工程学院,河北,理工,474,493,500+,489,5
河南牧业经济学院,河南,农业,475,500+,500+,492,5
山东青年政治学院,山东,综合,495,500+,480,492,5
凯里学院,贵州,综合,500+,482,493,492,5
山西大同大学,山西,综合,531,474,470,492,5
伊犁师范大学,新疆,师范,488,491,500,493,5
运城学院,山西,综合,479,500+,500+,494,5
安康学院,陕西,综合,480,500+,500+,494,5
河北民族师范学院,河北,师范,499,500+,483,494,5
泰州学院,江苏,师范,484,500+,500+,495,5
济宁学院,山东,师范,524,500+,460,495,5
西安航空学院,陕西,理工,569,472,444,495,5
喀什大学,新疆,师范,485,500+,500+,496,5
陕西学前师范学院,陕西,师范,485,500+,500+,496,5
琼台师范学院,海南,师范,492,495,500+,496,5
兰州城市学院,甘肃,综合,499,500+,489,496,5
太原工业学院,山西,理工,523,490,474,496,5
辽东学院,辽宁,综合,488,500+,500+,497,5
山东农业工程学院,山东,综合,490,500+,500+,497,5
辽宁科技学院,辽宁,理工,491,500+,500+,498,5
红河学院,云南,综合,493,500+,500+,498,5
吉林工程技术师范学院,吉林,师范,544,470,482,499,5
梧州学院,广西,综合,497,500+,500+,500,5
呼伦贝尔学院,内蒙古,综合,498,500+,500+,500,5
兰州工业学院,甘肃,理工,500+,500+,500+,501,5
郑州工程技术学院,河南,理工,500+,500+,500+,501,5
安顺学院,贵州,综合,507,500+,494,501,5
合肥理工学院,安徽,综合,,500+,500+,501,5
山西工学院,山西,理工,,500+,500+,501,5
长沙工业学院,湖南,师范,,,500+,501,5
绍兴理工学院,浙江,师范,,,500+,501,5
阿坝师范学院,四川,师范,505,500+,500+,502,5
大庆师范学院,黑龙江,综合,507,499,500+,502,5
萍乡学院,江西,综合,509,500+,500+,504,5
郑州师范学院,河南,师范,511,500+,500+,504,5
贵阳康养职业大学,贵州,师范,505,,,505,5
长沙师范学院,湖南,师范,512,500+,500+,505,5
赣南科技学院,江西,理工,512,500+,500+,505,5
桂林航天工业学院,广西,理工,514,500+,500+,505,5
晋中学院,山西,师范,514,500+,500+,505,5
菏泽学院,山东,综合,516,500+,500+,506,5
邯郸学院,河北,师范,517,500+,500+,506,5
河北环境工程学院,河北,综合,517,500+,500+,506,5
楚雄师范学院,云南,师范,519,500+,500+,507,5
白城师范学院,吉林,师范,520,500+,500+,507,5
廊坊师范学院,河北,师范,585,471,466,507,5
池州学院,安徽,师范,522,500+,500+,508,5
保定学院,河北,师范,525,500+,500+,509,5
景德镇学院,江西,综合,526,500+,500+,509,5
忻州师范学院,山西,师范,526,500+,500+,509,5
蚌埠学院,安徽,理工,528,500+,500+,510,5
集宁师范学院,内蒙古,师范,529,500+,500+,510,5
兴义民族师范学院,贵州,师范,532,500+,500+,511,5
四川文理学院,四川,综合,533,500+,500+,512,5
鄂尔多斯应用技术学院,内蒙古,综合,534,500+,500+,512,5
广西民族师范学院,广西,师范,535,500+,500+,512,5
天津中德应用技术大学,天津,理工,536,500+,500+,513,5
山西电子科技学院,山西,理工,537,500+,500+,513,5
百色学院,广西,综合,538,500+,500+,513,5
绥化学院,黑龙江,综合,538,500+,500+,513,5
嘉应学院,广东,综合,566,475,499,513,5
河南工学院,河南,理工,540,500+,500+,514,5
新余学院,江西,综合,542,500+,500+,515,5
亳州学院,安徽,师范,543,500+,500+,515,5
河套学院,内蒙古,综合,545,500+,500+,516,5
黑河学院,黑龙江,综合,546,500+,500+,516,5
吕梁学院,山西,师范,547,500+,500+,516,5
荆楚理工学院,湖北,理工,548,500+,500+,517,5
贵州工程应用技术学院,贵州,师范,549,500+,500+,517,5
山西能源学院,山西,综合,550,500+,500+,517,5
兰州文理学院,甘肃,综合,553,500+,500+,518,5
新疆工程学院,新疆,理工,553,500+,500+,518,5
新乡学院,河南,理工,570,487,498,518,5
广西科技师范学院,广西,师范,555,500+,500+,519,5
张家口学院,河北,综合,556,500+,500+,519,5
衡水学院,河北,师范,557,500+,500+,520,5
四川民族学院,四川,师范,558,500+,500+,520,5
保山学院,云南,师范,560,500+,500+,521,5
赣东学院,江西,理工,561,500+,500+,521,5
山西工程技术学院,山西,理工,562,500+,500+,521,5
河池学院,广西,综合,563,500+,500+,522,5
普洱学院,云南,师范,564,500+,500+,522,5
河北水利电力学院,河北,理工,567,500+,500+,523,5
豫章师范学院,江西,师范,568,500+,500+,523,5
汉江师范学院,湖北,师范,570,500+,500+,524,5
滇西科技师范学院,云南,师范,572,500+,500+,525,5
黑龙江工业学院,黑龙江,理工,573,500+,500+,525,5
新疆理工学院,新疆,综合,574,500+,500+,525,5
昌吉学院,新疆,师范,575,500+,500+,526,5
太原学院,山西,理工,576,500+,500+,526,5
甘肃民族师范学院,甘肃,师范,577,500+,500+,526,5
山东石油化工学院,山东,理工,578,500+,500+,527,5
唐山学院,河北,理工,579,500+,500+,527,5
邢台学院,河北,师范,581,500+,500+,528,5
昭通学院,云南,师范,582,500+,500+,528,5
沧州师范学院,河北,师范,583,500+,500+,528,5
广西职业师范学院,广西,综合,584,500+,500+,529,5
文山学院,云南,师范,586,500+,500+,529,5
滇西应用技术大学,云南,综合,589,500+,500+,530,5
新疆政法学院,新疆,综合,592,500+,500+,531,5
山西科技学院,山西,理工,594,500+,500+,532,5
南京工业职业技术大学,江苏,理工,551,,,551,5
河北工业职业技术大学,河北,理工,580,,,580,5
山西工程科技职业大学,山西,理工,587,,,587,5
河北科技工程职业技术大学,河北,理工,589,,,589,5
河北石油职业技术大学,河北,理工,591,,,591,5
广西农业职业技术大学,广西,综合,593,,,593,5
